P,T,N2,O2,Ar,y_N2,y_O2,y_Ar,x_N2,x_O2,x_Ar,vap_rho,liq_rho,vap_etlp,liq_etlp,vap_F,liq_F
559.477561,-176.0042856,0.824791811333333,0.152446295,0.0227618936666666,0.916636320104326,0.0698667494384557,0.013496930457218,0.823428103264761,0.153672436813901,0.022899459921338,0.805094675990672,26.6918856006716,-6011.07108517973,-10997.8493528153,0.0081282060674488,0.547427349488107
559.477561,-176.0042856,0.824791811333333,0.156355264,0.0188529246666667,0.917545763202565,0.0713087559515296,0.0111454808459058,0.824240248543514,0.156860994357556,0.0188987570989295,0.805100330575273,26.6895313783638,-6014.65532819603,-11004.6614899687,0.00328409069111868,0.552271464864437
559.477561,-176.0042856,0.828537378,0.152446295,0.0190163269999999,0.917433625557992,0.0711312361071983,0.0114351383348092,0.824140234492506,0.156468444338067,0.0193913211694275,0.80509963420191,26.6898214263843,-6014.21380027775,-11003.8225796579,0.0261846790674463,0.529370876488109
559.477561,-176.0042856,0.828537378,0.156355264,0.015107358,0.91835546470523,0.0725881921462177,0.00905634314855217,0.824961360156165,0.159690366702177,0.0153482731416585,0.805105351705168,26.6874390158827,-6017.83992081682,-11010.7101899938,0.0212719698904006,0.534283585665155
559.477561,-176.0042856,0.828537378,0.160264233,0.0111983889999999,0.919273552954699,0.0740338995738448,0.00669254747145648,0.82577677959991,0.162887743640759,0.0113354767593304,0.805111029980405,26.6850707059529,-6021.44339838727,-11017.5500773364,0.0164034086182629,0.539152146937293
559.477561,-176.0042856,0.828537378,0.164173202,0.00728941999999996,0.9201880141092,0.075468664672826,0.00434332121797432,0.826586649502725,0.166061224562064,0.00735212593521067,0.805116670170608,26.6827160810435,-6025.02488407254,-11024.3435254773,0.0115782292127673,0.543977326342788
559.477561,-175.950186,0.817300678,0.152446295,0.030253027,0.91227548301389,0.0698042849679529,0.0179202320181574,0.816591936433899,0.153063004111509,0.0303450594545921,0.80447347361572,26.7324754345869,-6002.35234727954,-10989.8538887415,0.00411507859578741,0.551440476959768
559.477561,-175.950186,0.821046244666667,0.152446295,0.0265074603333333,0.913046628428672,0.071035589963478,0.0159177816078497,0.817281530382777,0.155777672887568,0.026940796729655,0.804478284798243,26.7304819346855,-6005.40353311976,-10995.6447102873,0.0218399811431508,0.533715574412405
559.477561,-175.950186,0.821046244666667,0.156355264,0.0225984913333334,0.913968133759244,0.0725019542046659,0.0135299120360905,0.818103375275018,0.159010928248703,0.0228856964762788,0.804484019053153,26.7281037960476,-6009.04220000706,-11002.546208748,0.0170545199889486,0.538501035566607
559.477561,-175.950186,0.821046244666667,0.160264233,0.0186895223333333,0.914886064649267,0.0739572390534302,0.011156696297303,0.81891966006229,0.162220109776094,0.018860230161616,0.804489714982929,26.7257392346302,-6012.65876079224,-11009.4011057722,0.0123109321059275,0.543244623449628
559.477561,-175.950186,0.821046244666667,0.164173202,0.0147805533333334,0.915800537410382,0.0754017390394625,0.00879772355015544,0.819730533781108,0.165405838292902,0.0148636279259902,0.804495373681223,26.7233878581678,-6016.25383707031,-11016.210623646,0.00760851945835239,0.547947036097203
559.477561,-175.950186,0.824791811333333,0.152446295,0.0227618936666666,0.913841536485354,0.0723008261396302,0.0138576373750157,0.817990611253642,0.158567429773516,0.0234419589728423,0.804483232238606,26.7284302465873,-6008.54279447838,-11001.599259191,0.0394200106006647,0.516135544954891
559.477561,-175.950186,0.824791811333333,0.156355264,0.0188529246666667,0.91477544392264,0.0737821448286001,0.0114424112487602,0.818821413657114,0.161833975457107,0.0193446108857794,0.804489029405324,26.7260239613999,-6012.22334590356,-11008.5760602477,0.0345674651572339,0.520988090398322
559.477561,-175.950186,0.824791811333333,0.160264233,0.0149439556666666,0.915705588151577,0.0752520021369866,0.00904240971143632,0.819646449096007,0.165075590944879,0.0152779599591139,0.804494786868367,26.7236318030695,-6015.88092496647,-11015.5044991273,0.0297580699181437,0.525797485637412
559.477561,-175.950186,0.824791811333333,0.164173202,0.0110349866666667,0.916632092940909,0.0767107086926713,0.00665719836641942,0.820465875107115,0.168292932053205,0.0112411928396799,0.80450050578117,26.7212533564998,-6019.51618898201,-11022.3858689201,0.0249910827064908,0.530564472849065
559.477561,-175.950186,0.828537378,0.152446295,0.0190163269999999,0.914660985712525,0.0736008948980949,0.0117381193893798,0.818719723093711,0.161434271116057,0.0198460057902326,0.804488319801877,26.7263186313032,-6011.77270530538,-11007.7220926515,0.0568499160511027,0.498705639504453
559.477561,-175.950186,0.828537378,0.156355264,0.015107358,0.915607389770683,0.075097081768844,0.00929552846047333,0.819559460814413,0.164733914879755,0.0157066243058326,0.80449417979837,26.723884143641,-6015.49516372529,-11014.7739912632,0.0519296128919311,0.503625942663624
559.477561,-175.950186,0.828537378,0.160264233,0.0111983889999999,0.916549834849247,0.0765814167320917,0.00686874841866162,0.820393219467877,0.168007751889238,0.0115990286428852,0.804499998679552,26.7214643481117,-6019.19375973684,-11021.7757211441,0.0470537830382397,0.508501772517316
559.477561,-175.950186,0.828537378,0.164173202,0.00728941999999996,0.917488452629288,0.0780542272832303,0.00445732008748202,0.821221165523253,0.17125647468595,0.00752235979079746,0.804505777661549,26.7190588055753,-6022.86918823883,-11028.7286498513,0.0422216373730879,0.513333918182468
559.477561,-175.8960864,0.817300678,0.152446295,0.030253027,0.909432828195767,0.0721789286976439,0.0183882431065888,0.811142284470619,0.157811610236935,0.0310461052924466,0.803862994125808,26.7690176754858,-5999.66247548573,-10993.3127976899,0.0348083305766669,0.520747224978889
559.477561,-175.8960864,0.817300678,0.156355264,0.0263440580000001,0.910365976869702,0.0736692411896661,0.0159647819406323,0.811973455606834,0.161088358264639,0.0269381861285277,0.803868805732918,26.7666169485336,-6003.35426684834,-11000.3008312578,0.0300791966525258,0.52547635890303
559.477561,-175.8960864,0.817300678,0.160264233,0.022435089,0.911295542253438,0.075148269220064,0.0135561885264977,0.812799010615754,0.16434066591014,0.0228603234741067,0.80387457857071,26.7642298100796,-6007.02363958541,-11007.241661097,0.0253910090335043,0.530164546522051
559.477561,-175.8960864,0.817300678,0.164173202,0.0185261200000001,0.912221640545768,0.076616311385953,0.0111620480682787,0.813619099263412,0.167569159837775,0.0188117408988132,0.803880313742312,26.7618558686521,-6010.67122099197,-11014.1365177409,0.020743091341526,0.53481246421403
559.477561,-175.8960864,0.821046244666667,0.152446295,0.0265074603333333,0.910225160571767,0.0734447060315162,0.0163301333967171,0.811848184874492,0.160594648583735,0.027557166541773,0.80386792980053,26.7669789462812,-6002.79769204352,-10999.2476216757,0.051943385956479,0.503612169599077
559.477561,-175.8960864,0.821046244666667,0.156355264,0.0225984913333334,0.91117071650546,0.0749499802416528,0.0138793032528869,0.812688291751088,0.163904617853064,0.0234070903958477,0.803873804318394,26.7645501126371,-6006.53137699343,-11006.3107956961,0.0471485870387788,0.508406968516777
559.477561,-175.8960864,0.821046244666667,0.160264233,0.0186895223333333,0.912112500565597,0.0764435858759821,0.0114439135584209,0.813522575682328,0.167189287695496,0.0192881366221755,0.803879638687554,26.762135414486,-6010.24177441206,-11013.3250019766,0.0423959761340658,0.51315957942149
559.477561,-175.8960864,0.821046244666667,0.164173202,0.0147805533333334,0.913050636353315,0.0779258376772128,0.00902352596947263,0.814351194899542,0.170449319757411,0.0151994853430467,0.803885434070807,26.7597344377419,-6013.92954728892,-11020.2915416921,0.0376848342610829,0.517870721294473
559.477561,-175.8960864,0.824791811333333,0.152446295,0.0227618936666666,0.911041618339604,0.0747447999581692,0.0142135817022268,0.812573737721109,0.163453422078347,0.0239728402005434,0.803873003257438,26.7648814602171,-6006.02211090263,-11005.3476860496,0.0689343431667496,0.486621212388806
559.477561,-175.8960864,0.824791811333333,0.156355264,0.0188529246666667,0.911999675750394,0.0762649496638368,0.011735374585769,0.813422758680819,0.166796420961368,0.0197808203578126,0.803878940608624,26.7624244604924,-6009.79771149081,-11012.4857964134,0.064073218662845,0.491482336892711
559.477561,-175.8960864,0.824791811333333,0.160264233,0.0149439556666666,0.912953765729437,0.0777730381608915,0.00927319610967131,0.814265744660581,0.170113241256898,0.0156210140825214,0.803884836398767,26.7599821588151,-6013.54913193703,-11019.5731294154,0.0592555687596156,0.49629998679594
559.477561,-175.8960864,0.824791811333333,0.164173202,0.0110349866666667,0.913904019730627,0.0792693971036477,0.00682658316572555,0.815102862785013,0.173404581313706,0.0114925559012815,0.803890691853221,26.7575541172869,-6017.27707277627,-11026.6110605052,0.0544806291739525,0.501074926381603
559.477561,-175.8960864,0.828537378,0.152446295,0.0190163269999999,0.911882968124401,0.07608008110798,0.012036950767619,0.813319469537202,0.166389852792615,0.0202906776701826,0.803878218256416,26.7627235202934,-6009.33824089269,-11011.617398453,0.0857761109500764,0.469779444605479
559.477561,-175.8960864,0.828537378,0.156355264,0.015107358,0.91285360781604,0.0776149916272751,0.00953140055668478,0.81417736765224,0.169765625546344,0.0160570068014154,0.803884218263458,26.76023833469,-6013.15571568292,-11018.8301099407,0.0808480695382229,0.474707486017333
559.477561,-175.8960864,0.828537378,0.160264233,0.0111983889999999,0.913820077656369,0.0791374404035661,0.00704248194006502,0.81502901382638,0.173114321740695,0.0118566644329251,0.803890175266251,26.757768424593,-6016.94809511055,-11025.9901912155,0.0759648339857686,0.479590721569787
559.477561,-175.8960864,0.828537378,0.164173202,0.00728941999999996,0.914782517415412,0.0806477767707886,0.00456970581379926,0.815874584509503,0.176436678157063,0.0076887373334343,0.803896090555605,26.7553133270759,-6020.71611913054,-11033.0990956733,0.0711255919097087,0.484429963645847
559.601463433333,-176.0042856,0.824791811333333,0.152446295,0.0227618936666666,0.916785927914629,0.0697367033668847,0.0134773687184859,0.823728792879114,0.153402028100271,0.0228691790206148,0.805302958043201,26.6892889502689,-6011.18479835712,-10997.4608686835,0.00634627111262287,0.549209284442933
559.601463433333,-176.0042856,0.824791811333333,0.156355264,0.0188529246666667,0.917694018037724,0.071176605080015,0.0111293768822613,0.824539906242034,0.15658622662848,0.0188738671294865,0.805308607026739,26.6869374664967,-6014.76377585061,-11004.2637052774,0.00150231986808314,0.554053235687472
559.601463433333,-176.0042856,0.828537378,0.152446295,0.0190163269999999,0.917582010038481,0.070999285089859,0.0114187048716597,0.824439985940841,0.156194082193997,0.0193659318651612,0.805307911111361,26.6872272734463,-6014.32274958566,-11003.4256605975,0.0244393327695837,0.531116222785972
559.601463433333,-176.0042856,0.828537378,0.156355264,0.015107358,0.918502490180877,0.0724541406391093,0.00904336918001329,0.825260081951635,0.159411657899573,0.015328260148792,0.805313623041028,26.6848476001955,-6017.94360147443,-11010.3039852791,0.0195267374732873,0.536028818082268
559.601463433333,-176.0042856,0.828537378,0.160264233,0.0111983889999999,0.919419230714405,0.0738977798972338,0.00668298938836108,0.826074486829055,0.162604757191129,0.0113207559798165,0.805319295829848,26.6824819945098,-6021.54187621453,-11017.134721613,0.0146582744329775,0.540897281122578
559.601463433333,-176.0042856,0.828537378,0.164173202,0.00728941999999996,0.920332355014892,0.0753305080149327,0.00433713697017491,0.826883356717165,0.165774027137217,0.00734261614561795,0.805324930617306,26.6801300421308,-6025.11822253302,-11023.9191488227,0.00983317884006274,0.545722376715493
559.601463433333,-175.950186,0.817300678,0.152446295,0.030253027,0.912427721951434,0.0696774222227275,0.017894855825838,0.816893542410951,0.152800538676386,0.0303059189126629,0.804681552624667,26.7298774525178,-6002.4748608257,-10989.4816467122,0.00236759701552247,0.553187958540033
559.601463433333,-175.950186,0.821046244666667,0.152446295,0.0265074603333333,0.913197697042101,0.0709068824746334,0.0158954204832655,0.817582235639127,0.155511393311608,0.0269063710492652,0.804686358874516,26.7278863328582,-6005.52145728449,-10995.2643518185,0.0201269693364093,0.535428586219146
559.601463433333,-175.950186,0.821046244666667,0.156355264,0.0225984913333334,0.914117871569975,0.0723711643291732,0.0135109641008515,0.818403070146755,0.158740358574078,0.0228565712791675,0.804692087685071,26.7255108570974,-6009.1549284902,-11002.1567102651,0.0153417263266017,0.540213829228954
559.601463433333,-175.950186,0.821046244666667,0.160264233,0.0186895223333333,0.91503448236559,0.073824398349186,0.0111411192852238,0.819218359089296,0.161945317047716,0.0188363238629888,0.804697778254545,26.7231489273296,-6012.76635734567,-11009.0025975382,0.0105983414137948,0.544957214141761
559.601463433333,-175.950186,0.821046244666667,0.164173202,0.0147805533333334,0.915947645345405,0.0752668779857669,0.00878547666882839,0.820028251000648,0.165126887341504,0.0148448616578482,0.804703431673284,26.7208001524874,-6016.35636321984,-11015.8032316217,0.00589611767818765,0.549659437877368
559.601463433333,-175.950186,0.824791811333333,0.152446295,0.0227618936666666,0.913991414165648,0.0721702531970285,0.0138383326373239,0.818290406312678,0.158297297074497,0.023412296612825,0.804691301349591,26.7258370530281,-6008.65606595648,-11001.2106917502,0.0377414173494491,0.517814138206106
559.601463433333,-175.950186,0.824791811333333,0.156355264,0.0188529246666667,0.91492398485407,0.0736494937122606,0.0114265214336696,0.819120200526202,0.161559564775773,0.0193202346980251,0.804697093098976,26.7234334296678,-6012.3314185616,-11008.1783673746,0.0328890441537005,0.522666511401855
559.601463433333,-175.950186,0.824791811333333,0.160264233,0.0149439556666666,0.915852803419172,0.0751173049883286,0.00902989159249929,0.819944242610075,0.164796970626247,0.0152587867636775,0.804702845230099,26.7210439012231,-6015.98386401815,-11015.0978138886,0.0280798055191751,0.52747575003638
559.601463433333,-175.950186,0.824791811333333,0.164173202,0.0110349866666667,0.916777993212848,0.0765739965304697,0.00664801025668192,0.820762689576629,0.168010168133562,0.0112271422898098,0.804708558892958,26.7186680538502,-6019.61405731529,-11021.9703198877,0.0233129604466799,0.532242595108876
559.601463433333,-175.950186,0.828537378,0.152446295,0.0190163269999999,0.914809652459231,0.0734684374624643,0.0117219100783044,0.819018599426353,0.161160250240349,0.019821150333298,0.804696383922088,26.7237278716102,-6011.88126423997,-11007.3252315393,0.0552056810240705,0.500349874531485
559.601463433333,-175.950186,0.828537378,0.156355264,0.015107358,0.915754714560221,0.0749625519167253,0.00928273352305374,0.819857331965202,0.164455631606297,0.0156870364285013,0.804702238533443,26.7212960426883,-6015.59852416294,-11014.368026409,0.0502854996311496,0.505270055924406
559.601463433333,-175.950186,0.828537378,0.160264233,0.0111983889999999,0.916695829136589,0.0764448471550927,0.00685932370831793,0.82069010055024,0.167725275791852,0.0115846236579081,0.804708052116129,26.7188788732844,-6019.29198829279,-11021.3607882873,0.0454097755143734,0.510145780041182
559.601463433333,-175.950186,0.828537378,0.164173202,0.00728941999999996,0.917633127430403,0.077915649506234,0.00445122306336263,0.821517071104293,0.170969872934923,0.00751305596078408,0.804713825882708,26.7164759255647,-6022.9623491021,-11028.3048800418,0.0405777207960152,0.51497783475954
559.601463433333,-175.8960864,0.817300678,0.152446295,0.030253027,0.909585318580157,0.0720515024783907,0.018363178941452,0.81144295830566,0.157549312755887,0.0310077289384529,0.804070860494232,26.7664233162279,-5999.78446161784,-10992.9402348094,0.0331588593342957,0.52239669622126
559.601463433333,-175.8960864,0.817300678,0.156355264,0.0263440580000001,0.910517157719525,0.0735397536736578,0.0159430886068168,0.812273139708293,0.160821836333194,0.0269050239585134,0.804076666807604,26.764025178961,-6003.47112370708,-10999.9192817026,0.0284299938588296,0.527125561696726
559.601463433333,-175.8960864,0.817300678,0.160264233,0.022435089,0.911445424083556,0.075016751799348,0.0135378241170965,0.813097719282049,0.16406998594109,0.0228322947768612,0.804082434434025,26.7616405999994,-6007.13543035294,-11006.8512536302,0.0237420595655077,0.531813495990048
559.601463433333,-175.8960864,0.817300678,0.164173202,0.0185261200000001,0.912370233485358,0.0764827943827172,0.0111469721319247,0.813916846300269,0.167294386058796,0.0187887676409353,0.804088164473379,26.7592691890304,-6010.77800665297,-11013.7373768913,0.0190943811442092,0.536461174411346
559.601463433333,-175.8960864,0.821046244666667,0.152446295,0.0265074603333333,0.910376490711526,0.0733154515395734,0.0163080577489008,0.812147974958035,0.160328592637788,0.0275234324041773,0.804075791371433,26.7643869106004,-6002.91513047892,-10998.8670632412,0.0503263551682694,0.505229200387286
559.601463433333,-175.8960864,0.821046244666667,0.156355264,0.0225984913333334,0.91132073123702,0.074818668559713,0.0138606002032671,0.812987094222879,0.163634349312941,0.0233785564641803,0.80408166062211,26.7619606658378,-6006.64368297537,-11005.9212647959,0.0455317827963624,0.510023772759193
559.601463433333,-175.8960864,0.821046244666667,0.160264233,0.0186895223333333,0.912261210775402,0.0763102489743181,0.0114285402502796,0.813820405130995,0.166914874258001,0.019264720611004,0.804087489807778,26.7595485256781,-6010.34901256812,-11012.9266301399,0.0407793828109905,0.514776172744565
559.601463433333,-175.8960864,0.821046244666667,0.164173202,0.0147805533333334,0.913198052520906,0.0777905064127024,0.00901144106639217,0.81464806539961,0.170170826841102,0.0151811077592872,0.804093280087866,26.7571500772468,-6014.03177995102,-11019.8844560244,0.0360684373593938,0.519487118196162
559.601463433333,-175.8960864,0.824791811333333,0.152446295,0.0227618936666666,0.911191768751775,0.0746136984489523,0.0141945327992725,0.812872635712782,0.163183573292888,0.0239437909943303,0.804080860005951,26.7622917730813,-6006.13494305517,-11004.9590492539,0.0673497012124149,0.488205854343141
559.601463433333,-175.8960864,0.824791811333333,0.156355264,0.0188529246666667,0.912148505590084,0.0761317965671765,0.0117196978427398,0.813720671964839,0.166522374787895,0.0197569532472659,0.804086792121476,26.7598373594903,-6009.9054113533,-11012.0882082179,0.0624887570513315,0.493066798504224
559.601463433333,-175.8960864,0.824791811333333,0.160264233,0.0149439556666666,0.913101286248492,0.0776378659933036,0.00926084775820432,0.814562688100067,0.169835066608065,0.0156022452918678,0.804092682760859,26.7573976123969,-6013.65176552521,-11019.1667239902,0.0576712714356236,0.497884284119932
559.601463433333,-175.8960864,0.824791811333333,0.164173202,0.0110349866666667,0.914050241752269,0.0791322372246401,0.00681752102309129,0.815398850707523,0.17312234473046,0.0114788045620171,0.804098533145959,26.7549720951671,-6017.37470371111,-11026.195967406,0.0528964812712773,0.502659074284278
559.601463433333,-175.8960864,0.828537378,0.152446295,0.0190163269999999,0.91203192000549,0.0759471156045519,0.0120209643899583,0.813617468091638,0.166116180925821,0.0202663509825411,0.80408607016509,26.7601362041203,-6009.44641187956,-11011.220608771,0.0842237971841261,0.471331758371429
559.601463433333,-175.8960864,0.828537378,0.156355264,0.015107358,0.913001234717741,0.0774799816940206,0.00951878358823822,0.814474385217906,0.169487774979949,0.0160378398021445,0.804092064973146,26.7576535998683,-6013.25875805071,-11018.4243970805,0.0792958854108405,0.476259670144715
559.601463433333,-175.8960864,0.828537378,0.160264233,0.0111983889999999,0.913966391187182,0.079000419066085,0.00703318974673287,0.815325065522491,0.17283236252359,0.0118425719539183,0.80409801686292,26.7551862389573,-6017.04607619407,-11025.5756918396,0.0744127631006029,0.481142792454953
559.601463433333,-175.8960864,0.828537378,0.164173202,0.00728941999999996,0.914927528733084,0.080508775854307,0.00456369541260869,0.816169684898292,0.176150677873348,0.00767963722835959,0.804103927121605,26.7527336597785,-6020.80910377054,-11032.6759416388,0.0695736191198557,0.4859819364357
559.725365866667,-176.0042856,0.824791811333333,0.152446295,0.0227618936666666,0.916935497391852,0.069606706319298,0.0134577962888498,0.824029469778478,0.153131660037365,0.0228388701841573,0.805511256789686,26.6866925975137,-6011.29852755458,-10997.0724549088,0.00455861795957424,0.550996937595981
559.725365866667,-176.0042856,0.828537378,0.152446295,0.0190163269999999,0.917730355755761,0.0708673822741122,0.011402261970127,0.824739723779527,0.155919757934082,0.0193405182863906,0.805516204705352,26.6846334213616,-6014.43171299282,-11003.0288059888,0.0226883918887868,0.532867163666769
559.725365866667,-176.0042856,0.828537378,0.156355264,0.015107358,0.918649476234085,0.0723201361208368,0.00903038764507843,0.825558788979806,0.159132983242107,0.0153082277780867,0.805521911049921,26.6822564893727,-6018.04729336559,-11009.8978370432,0.0177759099937187,0.537779645561837
559.725365866667,-176.0042856,0.828537378,0.160264233,0.0111983889999999,0.919564868380823,0.0737617059704192,0.0066734256487581,0.82637217812793,0.162321801100303,0.0113060207717674,0.80552757834086,26.6798935919294,-6021.64036235248,-11016.7194143013,0.0129075447285921,0.542648010826963
559.725365866667,-176.0042856,0.828537378,0.164173202,0.00728941999999996,0.920476655145572,0.075192395843625,0.00433094901080292,0.827180046833789,0.165486856241586,0.00733309692462501,0.805533207714155,26.6775443160651,-6025.2115663285,-11023.494812426,0.00808253251390767,0.547473023041648
559.725365866667,-175.950186,0.817300678,0.152446295,0.030253027,0.912579923005225,0.069550610049724,0.0178694669450508,0.817195137676249,0.152538118118736,0.0302667442050148,0.804889648293959,26.7272797584319,-6002.59739342095,-10989.1094845184,0.000614705091514844,0.554940850464041
559.725365866667,-175.950186,0.821046244666667,0.152446295,0.0265074603333333,0.913348727458449,0.0707782249459924,0.0158730475955585,0.817882929419237,0.155245156346046,0.026871914234717,0.804894449602712,26.7252910218463,-6005.63939907605,-10994.884068334,0.0184086593919363,0.537146896163619
559.725365866667,-175.950186,0.821046244666667,0.156355264,0.0225984913333334,0.914267570609881,0.0722404233576982,0.0134920060324205,0.818702752475654,0.158469828132177,0.0228274193921689,0.804900172958058,26.7229182127282,-6009.26767210334,-11001.767279555,0.0136236340060771,0.541931921549478
559.725365866667,-175.950186,0.821046244666667,0.160264233,0.0186895223333333,0.915182860725215,0.0736916054644608,0.0111255338103241,0.819517044500493,0.161670560122818,0.0188123953766891,0.804905858156409,26.7205589183655,-6012.87396647133,-11008.6041497632,0.00888045156985473,0.546675103985701
559.725365866667,-175.950186,0.821046244666667,0.164173202,0.0147805533333334,0.916094713326458,0.0751320636408709,0.00877322303267144,0.820325953525786,0.164847968716796,0.0148260777574185,0.804911506284808,26.7182127488876,-6016.45889932711,-11015.3958926479,0.00417841627861315,0.551377139276942
559.725365866667,-175.950186,0.824791811333333,0.152446295,0.0227618936666666,0.914141253277714,0.0720397294973397,0.0138190172249462,0.818590189069164,0.158027204471344,0.0233826064594921,0.804899387103637,26.7232441532868,-6008.76935339103,-11000.8221939233,0.0360576381943449,0.519497917361211
559.725365866667,-175.950186,0.824791811333333,0.156355264,0.0188529246666667,0.915072486601529,0.073516890704836,0.0114106226936352,0.819418973985522,0.161285190637677,0.0192958353768004,0.80490517342459,26.720843195618,-6012.43950449718,-11007.7807365382,0.0312054367481053,0.52435011880745
559.725365866667,-175.950186,0.824791811333333,0.160264233,0.0149439556666666,0.915999978875443,0.074982654788181,0.00901736633637635,0.820242021601828,0.164518383250914,0.0152395951472576,0.804910920212734,26.7184563009106,-6016.08681361117,-11014.6911830159,0.0263963542447415,0.529159201310814
559.725365866667,-175.950186,0.824791811333333,0.164173202,0.0110349866666667,0.916923853035246,0.07643733013204,0.00663881683271351,0.821059488406723,0.167727433513922,0.0112130780793548,0.804916628614635,26.7160830565717,-6019.71193340064,-11021.5548174635,0.021629650861827,0.533925904693729
559.725365866667,-175.950186,0.828537378,0.152446295,0.0190163269999999,0.91495828020463,0.0733360284414053,0.011705691353965,0.819317462565374,0.160886266685946,0.0197962707486802,0.804904464676047,26.7211374089149,-6011.98983719734,-11006.9284341234,0.0535563723511788,0.501999183204377
559.725365866667,-175.950186,0.828537378,0.156355264,0.015107358,0.915901999689418,0.0748280692664023,0.00926993104417989,0.820155188774209,0.16417738192474,0.0156674293010509,0.804910313890921,26.7187082426971,-6015.70189575893,-11013.9621173041,0.0486363122447002,0.506919243310855
559.725365866667,-175.950186,0.828537378,0.160264233,0.0111983889999999,0.916841783093583,0.0763083235428244,0.00684989336359295,0.820986966138512,0.167442829514361,0.0115702043471274,0.804916122163816,26.716293703366,-6019.39022508951,-11020.9459031476,0.0437606934072865,0.511794862148269
559.725365866667,-175.950186,0.828537378,0.164173202,0.00728941999999996,0.91777776122092,0.0777771164346762,0.00444512234440353,0.821812960035488,0.170683297193123,0.00750374277138881,0.804921890703736,26.7138933543936,-6023.05551523961,-11027.8811498397,0.0389287291998178,0.516626826355738
559.725365866667,-175.8960864,0.817300678,0.152446295,0.030253027,0.909737770852914,0.0719241270685705,0.0183381020785154,0.811743621835624,0.157287059630972,0.0309693185334039,0.80427874347218,26.7638292411683,-5999.90646677301,-10992.5677510772,0.0315044669055539,0.524051088650002
559.725365866667,-175.8960864,0.817300678,0.156355264,0.0263440580000001,0.910668299922415,0.0734103159813782,0.0159213840962072,0.812572812483006,0.160555355546424,0.0268718319705694,0.80428454448133,26.7614336972227,-6003.58799725843,-10999.5378044371,0.0267758693335176,0.528779686222038
559.725365866667,-175.8960864,0.817300678,0.160264233,0.022435089,0.911595266719378,0.0748852831883024,0.0135194500923196,0.813396415593649,0.163799343853875,0.0228042405524762,0.804290306885927,26.7590516813785,-6007.24723542174,-11006.4609114923,0.0220881878487366,0.533467367706819
559.725365866667,-175.8960864,0.817300678,0.164173202,0.0185261200000001,0.91251878667194,0.0763493251488144,0.0111318881792459,0.814214579948908,0.167019646851405,0.0187657731996868,0.804296031782617,26.7566828044817,-6010.8848041672,-11013.338294316,0.0174407482083,0.538114807347256
559.725365866667,-175.8960864,0.821046244666667,0.152446295,0.0265074603333333,0.910527782422041,0.0731862472357586,0.0162859703422008,0.812447753972468,0.160062578763314,0.0274896672642186,0.804283669543512,26.7617951619352,-6003.03258649509,-10998.486579072,0.0487045053928687,0.506851050162687
559.725365866667,-175.8960864,0.821046244666667,0.156355264,0.0225984913333334,0.911470706964068,0.074687406005402,0.0138418870305305,0.813285884565175,0.163364119465141,0.0233499959696841,0.804289533516282,26.7593715097833,-6006.75600403331,-11005.5318009526,0.0439101590465768,0.511645396508979
559.725365866667,-175.8960864,0.821046244666667,0.160264233,0.0186895223333333,0.912409881393835,0.0761769601132355,0.0114131584929294,0.814118221384469,0.166640496086327,0.0192412825292043,0.804295357507778,26.7569619313308,-6010.45626323794,-11012.5283180577,0.0391579694866958,0.51639758606886
559.725365866667,-175.8960864,0.821046244666667,0.164173202,0.0147805533333334,0.913345428499401,0.077655222077232,0.0089993494233674,0.814944921634221,0.169892365720668,0.0151627126451108,0.804301142674064,26.7545660149139,-6014.13402251136,-11019.4774227222,0.0344472199879862,0.521108335567569
559.725365866667,-175.8960864,0.824791811333333,0.152446295,0.0227618936666666,0.911341880359821,0.0744826464027653,0.0141754732374141,0.813171521810961,0.162913764051274,0.0239147141377652,0.804288733346868,26.7597023759432,-6006.24779110116,-11004.5704813304,0.0657603424979354,0.48979521305762
559.725365866667,-175.8960864,0.824791811333333,0.156355264,0.0188529246666667,0.912297296009143,0.0759986917972457,0.011704012193611,0.814018572255914,0.166248364609515,0.0197330631345708,0.804294660215776,26.7572505523089,-6010.01312442667,-11011.6906813316,0.0608995781815074,0.494655977374048
559.725365866667,-175.8960864,0.824791811333333,0.160264233,0.0149439556666666,0.9132487667194,0.0775027409916029,0.00924849228899701,0.814859617442946,0.169556924362681,0.0155834581943732,0.804300545693493,26.754813363606,-6013.75440958809,-11018.7603722259,0.0560822563792653,0.49947329917629
559.725365866667,-175.8960864,0.824791811333333,0.164173202,0.0110349866666667,0.91419642308796,0.0789951233281754,0.00680845358386433,0.815694823426263,0.172840136919999,0.0114650396537386,0.804306390998386,26.7523903744642,-6017.47234233509,-11025.7809202412,0.0513076151854626,0.504247940370093
559.725365866667,-175.8960864,0.828537378,0.152446295,0.0190163269999999,0.912180832646407,0.0758141987298995,0.0120049686236933,0.813915453865182,0.165842545820704,0.0202420003141136,0.804293938656958,26.7575491810983,-6009.55459681347,-11010.8238820324,0.0826668689090937,0.472888686646462
559.725365866667,-175.8960864,0.828537378,0.156355264,0.015107358,0.913148821720383,0.0773450191767589,0.00950615910285796,0.814771388863994,0.169209957455702,0.0160186536803039,0.804299928254842,26.7550691621144,-6013.36181150228,-11018.0187392428,0.0777390862942117,0.477816469261344
559.725365866667,-175.8960864,0.828537378,0.160264233,0.0111983889999999,0.914112664149724,0.0788634439094891,0.00702389194078706,0.815621102157327,0.172550432591138,0.0118284652515346,0.80430587502047,26.7526043542869,-6017.14406544897,-11025.1612394895,0.0728560767676636,0.482699478787892
559.725365866667,-175.8960864,0.828537378,0.164173202,0.00728941999999996,0.915072498803671,0.0803698198632845,0.00455768133304432,0.816464769081792,0.175864703082608,0.00767052783560034,0.804311780237418,26.7501542973233,-6020.90209362442,-11032.2528265642,0.0680170304445439,0.487538525111012
559.8492683,-176.0042856,0.824791811333333,0.152446295,0.0227618936666666,0.917085028564547,0.0694767582644941,0.0134382131709594,0.824330133943494,0.15286133264096,0.0228085334155462,0.805719572233136,26.6840965424983,-6011.41227277178,-10996.6841115017,0.0027652172949737,0.552790338260582
559.8492683,-176.0042856,0.828537378,0.152446295,0.0190163269999999,0.917878662738697,0.0707355276293325,0.0113858096319705,0.825039447989379,0.155645471575674,0.0193150804349461,0.805724514986887,26.6820398702229,-6014.54069050024,-11002.6320158457,0.0209318277367174,0.534623727818838
559.8492683,-176.0042856,0.828537378,0.156355264,0.015107358,0.918796422893942,0.0721861785611613,0.00901739854489642,0.825857481221433,0.158854342748147,0.0152881760304202,0.805730215734842,26.6796656835081,-6018.15099649219,-11009.4917453019,0.0160194587635251,0.539536096792031
559.8492683,-176.0042856,0.828537378,0.160264233,0.0111983889999999,0.919710465983232,0.0736256777634514,0.00666385625331681,0.826669853477154,0.162038875387433,0.0112912711354129,0.805735877516426,26.6773054983068,-6021.73885680374,-11016.3041554184,0.0111511908171862,0.544404364738369
559.8492683,-176.0042856,0.828537378,0.164173202,0.00728941999999996,0.920620914530688,0.075054328129136,0.00432475734017646,0.827476719833041,0.165199711894848,0.00732356827211126,0.80574150146413,26.6749589029431,-6025.30491546212,-11023.0705163055,0.00632626154654392,0.549229294009012
559.8492683,-175.950186,0.821046244666667,0.152446295,0.0265074603333333,0.913499719706082,0.0706496173455419,0.015850662948376,0.818183611703534,0.154978962004984,0.0268374262914826,0.805102556985828,26.7226960017434,-6005.75735849262,-10994.5038598411,0.0166850250132157,0.53887053054234
559.8492683,-175.950186,0.821046244666667,0.156355264,0.0225984913333334,0.914417230907614,0.072109731258795,0.0134730378335911,0.819002422242228,0.158199336938578,0.0227982408191941,0.805108274875104,26.7203258630343,-6009.38043084595,-11001.3779166279,0.0119002167310079,0.543655338824548
559.8492683,-175.950186,0.821046244666667,0.160264233,0.0186895223333333,0.915331199757053,0.0735588603682916,0.0111099398746553,0.819815716276412,0.161395839018252,0.0187884447053357,0.805113954691505,26.7179692078328,-6012.98158816978,-11008.2057624599,0.00715723627796205,0.548398319277594
559.8492683,-175.950186,0.821046244666667,0.164173202,0.0147805533333334,0.916241741382694,0.0749972959742029,0.00876096264310306,0.820623641337044,0.164569082436667,0.0148072762262896,0.805119597518773,26.7156256474644,-6016.56144539361,-11014.9886067394,0.00245538896355657,0.553100166591999
559.8492683,-175.950186,0.824791811333333,0.152446295,0.0227618936666666,0.914291053850248,0.0719092550091975,0.0137996911405544,0.818889959503751,0.157757151979924,0.0233528885163251,0.80510748950374,26.7206515474567,-6008.88265678165,-11000.4337657209,0.0343686473876471,0.521186908167908
559.8492683,-175.950186,0.824791811333333,0.156355264,0.0188529246666667,0.91522094919397,0.0733843357754459,0.0113947150305836,0.819717734015735,0.161010853059945,0.0192714129243194,0.805113270385152,26.7182532593449,-6012.54760371105,-11007.3831677522,0.0295166171929312,0.526038938362624
559.8492683,-175.950186,0.824791811333333,0.160264233,0.0149439556666666,0.916147114549579,0.074848051506051,0.0090048339443696,0.820539786051896,0.164239828837019,0.015220385111085,0.80511901181925,26.7158690022273,-6016.18977374721,-11014.2846065243,0.0247076903474241,0.530847865208131
559.8492683,-175.950186,0.824791811333333,0.164173202,0.0110349866666667,0.917069672437499,0.076300709467189,0.00662961809531159,0.821356271577925,0.167444728213232,0.0111990002088426,0.805124714949169,26.7134983647611,-6019.80981724051,-11021.1393616645,0.0199411282047056,0.53561442735085
559.8492683,-175.950186,0.828537378,0.152446295,0.0190163269999999,0.915106868977734,0.073203667804126,0.0116894632181396,0.819616312491593,0.160612320470273,0.0197713670381349,0.805112562066745,26.7185472433109,-6012.09842417849,-11006.531700418,0.0519019648334567,0.503653590722099
559.8492683,-175.950186,0.828537378,0.156355264,0.015107358,0.916049245187512,0.0746936337874714,0.00925712102501663,0.820453031222184,0.163899165853508,0.0156478029243075,0.805118405873782,26.7161207437622,-6015.80527851517,-11013.5562639645,0.0469820255337964,0.508573530021759
559.8492683,-175.950186,0.828537378,0.160264233,0.0111983889999999,0.916987696749657,0.0761718458651737,0.00684045738516903,0.821283816213305,0.167160413075954,0.0115557707107413,0.805124208825582,26.7137088384531,-6019.4884701296,-11020.5310657425,0.0421065115184487,0.513449044037107
559.8492683,-175.950186,0.828537378,0.164173202,0.00728941999999996,0.917922354030443,0.0776386280386251,0.00443901793093219,0.822108832297283,0.170396747480242,0.00749442022247449,0.805129972127591,26.71131109216,-6023.1486866545,-11027.4574592636,0.0372746373860837,0.518280918169472
559.8492683,-175.8960864,0.817300678,0.152446295,0.030253027,0.909890185042203,0.0717968024353098,0.0183130125224871,0.812044275040667,0.157024850874506,0.0309308740848265,0.804486643062643,26.7612354504019,-6000.02849094783,-10992.1953464972,0.0298451296150259,0.52571042594053
559.8492683,-175.8960864,0.817300678,0.156355264,0.0263440580000001,0.910819403506844,0.0732809280805919,0.0158996684125644,0.812872473911286,0.160288915918285,0.0268386101704295,0.804492438757078,26.7588425034137,-6003.70488750041,-10999.1563994682,0.0251167994012403,0.530438756154315
559.8492683,-175.8960864,0.817300678,0.160264233,0.022435089,0.911745070189664,0.0747538633552525,0.0135010664550837,0.813695099530932,0.163528739663921,0.0227761608051468,0.804498195929391,26.756463054313,-6007.3590547911,-11006.0706346935,0.0204293702081157,0.53512618534744
559.8492683,-175.8960864,0.817300678,0.164173202,0.0185261200000001,0.91266730013454,0.0762159036530452,0.0111167962124149,0.814512300189763,0.16674494223227,0.0187427575779675,0.804503915672991,26.7540967151026,-6010.99161353504,-11012.9392700273,0.0157821688588107,0.539773386696745
559.8492683,-175.8960864,0.821046244666667,0.152446295,0.0265074603333333,0.910679035731817,0.0730570930878926,0.0162638711802901,0.812747521898226,0.159796606974526,0.0274558711272483,0.804491564319749,26.7592037003803,-6003.15006009017,-10998.1061691756,0.0470778134386528,0.508477742116903
559.8492683,-175.8960864,0.821046244666667,0.156355264,0.0225984913333334,0.911620643715396,0.0745561925471113,0.0138231637374922,0.813584662758487,0.16309392832534,0.0233214089161732,0.804497423003884,26.7567826445689,-6006.86834016668,-11005.1424041769,0.0422836925979698,0.513271862957586
559.8492683,-175.8960864,0.821046244666667,0.160264233,0.0186895223333333,0.912558512449957,0.0760437192616045,0.0113977682884383,0.814416024423297,0.166366153197384,0.0192178223793187,0.804503241790522,26.7543756315403,-6010.56352642206,-11012.130065743,0.0375317129698247,0.518023842585731
559.8492683,-175.8960864,0.821046244666667,0.164173202,0.0147805533333334,0.913492764318098,0.0775199846400709,0.00898725104183104,0.815241763583881,0.169613936414066,0.0151443000020525,0.804509021832361,26.7519822508406,-6014.23627497142,-11019.0704418005,0.0328211589557448,0.522734396599811
559.8492683,-175.8960864,0.824791811333333,0.152446295,0.0227618936666666,0.911491953192584,0.0743516437880725,0.0141564030193433,0.813470395996315,0.162643994369456,0.0238856096342292,0.804496623283166,26.7571132688974,-6006.36065504025,-11004.1819822901,0.06416624431541,0.491389311240146
559.8492683,-175.8960864,0.824791811333333,0.156355264,0.0188529246666667,0.912446047036676,0.0758656353229973,0.0116883176403265,0.814316459534711,0.165974390443423,0.0197091500218657,0.804502544894495,26.7546640390437,-6010.12085071165,-11011.2932157681,0.0593056593456772,0.496249896209878
559.8492683,-175.8960864,0.824791811333333,0.160264233,0.0149439556666666,0.913396207171499,0.0773676631251345,0.00923612970336632,0.815156532669839,0.169278814538945,0.0155646527912154,0.804508425199633,26.7522294125392,-6013.85706412737,-11018.354074138,0.0544885008830078,0.501067054672548
559.8492683,-175.8960864,0.824791811333333,0.164173202,0.0110349866666667,0.914342563767249,0.078858055383897,0.00679938084885366,0.815990780921754,0.172557957901306,0.01145126117694,0.804514265413456,26.7498089552763,-6017.56998865064,-11025.3659190277,0.0497140082091603,0.505841547346395
559.8492683,-175.8960864,0.828537378,0.152446295,0.0190163269999999,0.912329706076306,0.0756813304530729,0.0119889634706211,0.814213426838645,0.165568947494773,0.0202176256665825,0.804501823734991,26.7549624513225,-6009.66279569536,-11010.4272182517,0.0811053039009149,0.474450251654641
559.8492683,-175.8960864,0.828537378,0.156355264,0.015107358,0.913296368853352,0.0772101040449232,0.00949352710172489,0.815068378571242,0.168932172992088,0.0159994484366692,0.80450780811151,26.7524850215246,-6013.46487603955,-11017.613136444,0.0761776499644407,0.479377905591115
559.8492683,-175.8960864,0.828537378,0.160264233,0.0111983889999999,0.914258896573574,0.0787265149035032,0.00701458852292296,0.815917123711495,0.172268531962565,0.0118143443259402,0.804513749741855,26.7500227706794,-6017.24206287785,-11024.7468341827,0.0712947527632634,0.484260802792292
559.8492683,-175.8960864,0.828537378,0.164173202,0.00728941999999996,0.915217427656929,0.0802309087676279,0.00455166357544293,0.816759837040438,0.175578753804559,0.00766140915500327,0.80451964990599,26.7475752398096,-6020.99508869533,-11031.8297504684,0.0664558036602226,0.489099751895333
